{
    "loss": 0.46533358097076416,
    "accuracy": 0.8691275119781494
}